file,pesq,stoi
matt2_denoised.wav,1.8200610876083374,0.685822042262475
matt-test_denoised.wav,0.9457284212112427,0.39098873678496326
